No,Nama Barang,Brand,Kode Barang,Beginning Stock,Stock In,Stock Out,Current Stock,Ending stock,Minimum Stock
31-Dec-1899,Disc Zircone GT-G 18 Layer D98x14 A1,Upcera,RMT-005,2,19,18,3,3.05,2
01-Jan-1900,Disc Zircone GT-G 18 Layer D98x16 A1,Upcera,RMT-006,1,11,9,3,2.52,2
02-Jan-1900,Disc Zircone GT-G 18 Layer D98x18 A1,Upcera,RMT-007,2,6,4,4,3.48,2
03-Jan-1900,Disc Zircone GT-G 18 Layer D98x20 A1,Upcera,RMT-008,2,6,6,2,2.19,2
04-Jan-1900,Disc Zircone GT-G 18 Layer D98x14 A2,Upcera,RMT-009,1,54,54,1,2.67,2
05-Jan-1900,Disc Zircone GT-G 18 Layer D98x16 A2,Upcera,RMT-010,3,14,16,1,3.00,2
06-Jan-1900,Disc Zircone GT-G 18 Layer D98x18 A2,Upcera,RMT-011,2,17,16,3,2.67,2
07-Jan-1900,Disc Zircone GT-G 18 Layer D98x20 A2,Upcera,RMT-012,3,11,12,2,4.00,2
08-Jan-1900,Disc Zircone GT-G 18 Layer D98x14 A3,Upcera,RMT-013,0,113,112,1,2.33,2
09-Jan-1900,Disc Zircone GT-G 18 Layer D98x16 A3,Upcera,RMT-014,1,35,33,3,3.24,2
10-Jan-1900,Disc Zircone GT-G 18 Layer D98x18 A3,Upcera,RMT-015,2,28,28,2,0.86,2
11-Jan-1900,Disc Zircone GT-G 18 Layer D98x20 A3,Upcera,RMT-016,1,17,15,3,2.48,2
12-Jan-1900,Disc Zircone ST-ML 16 Layer D98x14 A1,Upcera,RMT-017,0,0,0,0,0.00,1
13-Jan-1900,Disc Zircone ST-ML 16 Layer D98x14 A2,Upcera,RMT-018,0,0,0,0,0.00,1
14-Jan-1900,Disc Zircone ST-ML 16 Layer D98x14 A3,Upcera,RMT-019,0,0,0,0,0.00,1
15-Jan-1900,Disc Zircone ST D98x14 W,Upcera,RMT-020,1,15,14,2,3.00,1
16-Jan-1900,Disc Zircone GT-G 18 Layer D98x14 C2,Upcera,RMT-021,1,26,25,2,2.00,2
17-Jan-1900,Disc Zircone GT-G 18 Layer D98x14 C4,Upcera,RMT-022,1,4,3,2,1.00,1
18-Jan-1900,Disc Zircone GT-G 18 Layer D98x14 D2,Upcera,RMT-023,1,3,2,2,2.24,1
19-Jan-1900,Disc Zircone GT-G 18 Layer D98x16 C2,Upcera,RMT-024,1,10,9,2,0.33,1
20-Jan-1900,Disc Zircone GT-G 18 Layer D98x16 C4,Upcera,RMT-025,1,1,1,1,1.00,1
21-Jan-1900,Disc Zircone GT-G 18 Layer D98x16 D2,Upcera,RMT-026,1,0,0,1,1.00,1
22-Jan-1900,Disc Zircone GT-G 18 Layer D98x22 A3,Upcera,RMT-035,1,15,14,2,2.00,1
23-Jan-1900,Disc Zircone GT-G 18 Layer D98x22 A2,Upcera,RMT-034,2,8,8,2,1.24,1
24-Jan-1900,Disc Zircone GT-G 18 Layer D98x25 A3,Upcera,RMT-036,0,16,14,2,2.52,1
25-Jan-1900,Disc Zircone GT-G 18 Layer D98x18 C2,Upcera,RMT-030,0,9,7,2,2.00,1
26-Jan-1900,Disc Zircone GT-G 18 Layer D98x20 C2,Upcera,RMT-032,0,7,6,1,1.24,1
27-Jan-1900,Disc Zircone GT-G 18 Layer D98x14 C3,Upcera,RMT-037,0,4,3,1,1.00,1
28-Jan-1900,Disc Zircone GT-G 18 Layer D98x16 C3,Upcera,RMT-038,0,1,0,1,1.00,1
29-Jan-1900,Disc Zircone GT-G 18 Layer D98x18 C3,Upcera,RMT-039,0,2,1,1,1.00,1
30-Jan-1900,Disc Zircone GT-G 18 Layer D98x20 C3,Upcera,RMT-040,0,2,1,1,1.00,1
31-Jan-1900,Disc Zircone GT-G 18 Layer D98x22 C3,Upcera,RMT-041,0,2,1,1,1.52,1
01-Feb-1900,Disc Zircone GT-G 18 Layer D98x25 C3,Upcera,RMT-042,0,3,1,2,2.00,1
02-Feb-1900,Disc Zircone GT-G 18 Layer D98x18 C4,Upcera,RMT-031,0,2,1,1,1.81,1
03-Feb-1900,Disc Zircone GT-G 18 Layer D98x20 C4,Upcera,RMT-033,0,3,2,1,2.38,1
04-Feb-1900,Disc Zircone GT-G 18 Layer D98x22 C4,Upcera,RMT-043,0,2,1,1,1.67,1
05-Feb-1900,Disc Zircone GT-G 18 Layer D98x25 C4,Upcera,RMT-044,0,2,1,1,1.81,1
06-Feb-1900,Disc Zircone GT-G 18 Layer D98x22 C2,Upcera,No data,2,2,3,1,,
07-Feb-1900,Disc Zircone GT-G 18 Layer D98x22 A4,Upcera,No data,2,6,7,1,,
08-Feb-1900,Disc Zircone ST D98x20 W,Upcera,RMT-087,1,8,7,2,3.86,1
09-Feb-1900,Disc Zircone ST D98x30 W,Upcera,No data,2,6,6,2,,
10-Feb-1900,Disc Zircone GT-G 18 Layer D98x18 BL3,Upcera,RMT-137,2,3,4,1,0.29,
11-Feb-1900,Disc Zircone GT-G 18 Layer D98x22 BL3,Upcera,RMT-138,2,1,2,1,1.71,
12-Feb-1900,Disc Zircone GT-G 18 Layer D98x25 BL3,Upcera,RMT-139,2,3,4,1,2.00,
13-Feb-1900,Offline Clinic - Dental Milling Clip Clear For XFAB-Z5 Zirkonia,No Brand,IMP-DMCC,33,570,555,48,,20
14-Feb-1900,Ceramic Glass Layer (HT) VA1,Upcera,RMV-005,20,170,168,22,37.00,10
15-Feb-1900,Ceramic Glass Layer (HT) VBL1,Upcera,RMV-002,5,135,103,37,24.00,10
16-Feb-1900,Ceramic Glass Layer (HT) VBL2,Upcera,RMV-003,15,410,397,28,39.00,10
17-Feb-1900,Ceramic Glass Layer (HT) VBL3,Upcera,RMV-004,5,760,729,36,39.00,10
18-Feb-1900,Ceramic Glass Layer (HT) A2,Upcera,RMV-011,19,20,2,37,37.00,10
19-Feb-1900,Ceramic Glass Layer (HT) A3,Upcera,RMV-013,0,20,1,19,28.00,10
20-Feb-1900,Ceramic Glass Layer (LT) A1,Upcera,RMV-010,0,840,815,25,19.00,10
21-Feb-1900,Ceramic Glass Layer (LT) A2,Upcera,RMV-012,0,240,212,28,27.00,10
22-Feb-1900,Ceramic Glass Layer (LT) A3,Upcera,RMV-014,0,110,65,45,19.00,10
23-Feb-1900,Ceramic Glass Layer (LT) VBL1,Upcera,RMV-006,10,575,532,53,38.00,10
24-Feb-1900,Ceramic Glass Layer (LT) VBL2,Upcera,RMV-007,5,1025,972,58,37.00,10
25-Feb-1900,Ceramic Glass Layer (LT) VBL3,Upcera,RMV-008,10,1955,1911,54,16.00,10
26-Feb-1900,Ceramic Glass Layer (LT) B1,Upcera,RMV-020,30,240,232,38,51.00,
09-Jul-1900,Ceramic Glass Layer (LT) VBL4,Upcera,RMV-024,30,40,34,36,,
28-Feb-1900,Haohua Denture Tools D0.6*50*D4,Haohua,IMP-MBFZ065040,2,19,21,0,,3
01-Mar-1900,Haohua Denture Tools D1.0*50*D4,Haohua,IMP-MBFZ105040,2,11,11,2,,3
02-Mar-1900,Haohua Denture Tools D2.0*50*D4,Haohua,IMP-MBFZ205040,4,12,12,4,,3
03-Mar-1900,Haohua Denture Tools D2.5*50*D6,Haohua,IMP-MBFG255060,1,10,10,1,,3
04-Mar-1900,Haohua Denture Tools MB D2. 0-L8,Haohua,IMP-MBFP208,3,13,16,0,,3
05-Mar-1900,Haohua Denture Tools MB D3. 0-L12,Haohua,IMP-MBFP3012,3,2,5,0,,3
06-Mar-1900,Haohua Denture Tools MF D4R0.5-L20,Haohua,IMP-MBFP400520,4,15,19,0,,3
07-Mar-1900,Milling Bur D6X1.0 for Glass ceramic,Yihua,IMP-MBGC610,3,26,24,5,,3
08-Mar-1900,Milling Bur D6X2.5 for Glass ceramic,Yihua,IMP-MBGC625,3,151,149,5,,3
09-Mar-1900,Milling Bur D6X0.6 for Glass ceramic,Yihua,IMP-MBGC660,3,15,14,4,,3
10-Mar-1900,Milling Bur MB-D1.5-L6 For Pre-milled,Yihua,IMP-MBP156,1,7,5,3,,3
11-Mar-1900,Milling Bur MB-D2.0-L8 For Pre-milled,Yihua,IMP-MBP208,0,72,68,4,,3
12-Mar-1900,Milling Bur MB-D3.0-L12 For Pre-milled,Yihua,IMP-MBP3012,1,16,12,5,,3
13-Mar-1900,Milling Bur MF-3R0.3-L12 For Pre-milled,Yihua,IMP-MBP30312,1,10,7,4,,3
14-Mar-1900,Milling Bur MF-4R0.5-L20 For Pre-milled,Yihua,IMP-MBP40520,0,117,112,5,,3
15-Mar-1900,Haohua Denture Tools D1.0*50*D6,Haohua,IMP-MBFG105060,3,3,6,0,,3
16-Mar-1900,Haohua Denture Tools D0.6*50*D6,Haohua,IMP-MBFG065060,4,0,4,0,,3
17-Mar-1900,Haohua Denture Tools MB D1. 5-L6,Haohua,IMP-MBFP156,7,0,7,0,,3
18-Mar-1900,Haohua Denture Tools MF-3R0.3-L12,Haohua,IMP-MBFP300312,8,8,16,0,,3
19-Mar-1900,Haohua Denture Tools D1.5*50*D4,Haohua,IMP-MBFZ155040,4,3,3,4,,3
20-Mar-1900,Offline Clinic - NR Line 3D Lab Analog 3.1 Single Implant Welldent For DT,Welldent,IMP-NRDASI31,3,135,129,9,,10
21-Mar-1900,Offline Clinic - 3D Lab Analog 3.5 Single Implant Welldent For OST,Welldent,IMP-DASI35,39,1849,1800,88,,20
22-Mar-1900,Offline Clinic - 3D Lab Analog 4.5 Single Implant Welldent For DT,Welldent,IMP-DASI45,30,2485,2515,0,,20
23-Mar-1900,Offline Clinic - 3D Lab Analog 4.5 Single Implant Welldent For OST,Welldent,IMP-DASI45R,0,3604,3540,64,,
24-Mar-1900,Offline Clinic - NR Line Pre-Milled Abutment 4.5 Welldent For DT,Welldent,IMP-NRPMAB45,19,164,175,8,,10
25-Mar-1900,Offline Clinic - Pre-Milled Abutment 3.5 [M] D10 Non-Hex Welldent For OST,Welldent,IMP-PMAB3510N,28,690,643,75,,20
26-Mar-1900,Offline Clinic - Pre-Milled Abutment 3.5 [M] D14 Hex Welldent For OST,Welldent,IMP-PMAB3514H,8,480,480,8,,20
27-Mar-1900,Offline Clinic - Pre-Milled Abutment 4.5 [R] D10 Non-Hex Welldent For OST,Welldent,IMP-PMAB4510N,16,960,906,70,,20
28-Mar-1900,Offline Clinic - Pre-Milled Abutment 4.5 [R] D14 Hex Welldent For OST,Welldent,IMP-PMAB4514H,17,1475,1480,12,,20
29-Mar-1900,Offline Clinic - Pre-Milled Abutment 3.5 [M] D10 Hex Welldent For OST,Welldent,IMP-PMAB3510H,30,984,934,80,,20
30-Mar-1900,Offline Clinic - Pre-Milled Abutment 4.5 [R] D10 Hex Welldent For OST,Welldent,IMP-PMAB4510H,40,3274,3190,124,,20
31-Mar-1900,Offline Clinic - Pre-Milled Abutment 4.5 Non-Hex Welldent For DT,Welldent,IMP-PMABN45,1,255,245,11,,20
01-Apr-1900,Offline Clinic - Pre-Milled Abutment 4.5 Welldent For DT,Welldent,IMP-PMAB45,23,926,939,10,,20
02-Apr-1900,Offline Clinic - Temporary Abutment (M) 4.0 GH1 Hex Welldent For OST,Welldent,IMP-TA4010HW,30,10,30,10,,10
03-Apr-1900,Offline Clinic - Temporary Abutment (R) 4.5 GH1 Hex Welldent For OST,Welldent,IMP-TA4510HW,30,141,148,23,,10
04-Apr-1900,Offline Clinic - 3D Digital Analog For Multi-Unit EL48 Welldent for OST,Welldent,IMP-DAMU48,40,760,762,38,,15
05-Apr-1900,Offline Clinic - 3D Digital Analog For Multi-Angled EL45 Welldent for DT,Welldent,IMP-DAMA45,20,458,464,14,,15
06-Apr-1900,Offline Clinic - 3D Digital Analog For Multi-Unit AF001 MDIM6 For OST,Welldent,IMP-DAMM6,24,1061,972,113,,
07-Apr-1900,Offline Clinic - Multi Temporary Cylinder Screw Polar For OST,Welldent,IMP-MTCS,20,990,909,101,,
08-Apr-1900,Offline Clinic - Ti-Temporary Cylinder Screw 4.8 Welldent for OST,Welldent,IMP-TTCS48,40,949,945,44,,15
09-Apr-1900,Offline Clinic - Ti-Temporary Cylinder Screw 4.5 Welldent for DT,Welldent,IMP-TTCS45,20,435,434,21,,15
10-Apr-1900,Offline Clinic - Lab Analog (R) Welldent For OST,Welldent,IMP-LAOR,8,96,91,13,,
11-Apr-1900,Offline Clinic - Bur Poles Komposite EVE Diacomp Twist Coarse SR204C [Blue],EVE,IMP-EDTC204,4,16,14,6,,2
12-Apr-1900,Offline Clinic - Bur Poles Komposite EVE Diacomp Twist Coarse SR204F [Silver],EVE,IMP-EDTF204,2,9,6,5,,2
13-Apr-1900,Offline Clinic - Bur Poles Komposite EVE Diacomp Twist Medium SR204M [Pink],EVE,IMP-EDTM204,4,40,38,6,,2
14-Apr-1900,Offline Clinic - Komposite Flow BL 1.5gr Dentex,Dentex,IMP-KFBL15D,3,2,3,2,,1
15-Apr-1900,Offline Clinic - Komposite Flow DY 1.5gr Dentex,Dentex,IMP-KFDY15D,2,25,24,3,,1
16-Apr-1900,Offline Clinic - Komposite Flow WH 1.5gr Dentex,Dentex,IMP-KFWH15D,2,17,17,2,,1
17-Apr-1900,Offline Clinic - Komposite Flow YE 1.5gr Dentex,Dentex,IMP-KFYE15D,2,54,52,4,,1
18-Apr-1900,Offline Clinic - Komposite Flow BB 1.5gr Dentex,Dentex,IMP-KFBB15D,2,21,19,4,,1
19-Apr-1900,Offline Clinic - Komposite Flow TR 1.5gr Dentex,Dentex,IMP-KFTR15D,2,4,3,3,,1
20-Apr-1900,Offline Clinic - Komposite Flow CY 1.5gr Dentex,Dentex,IMP-KFCY15D,2,6,6,2,,1
21-Apr-1900,Offline Clinic - Komposite Flow DR 1.5gr Dentex,Dentex,IMP-KFDR15D,2,20,19,3,,1
22-Apr-1900,Offline Clinic - Firing Paste VITA,Vita,IMP-FPVI,3,44,45,2,,1
23-Apr-1900,Offline Clinic - Komposite Packable Gum-D Ceramage 4.6gr,Shofu,IMP-KPGD46,2,54,52,4,,1
24-Apr-1900,Offline Clinic - Komposite Packable Gum-L Ceramage 4.6gr,Shofu,IMP-KPGL46,2,14,14,2,,1
25-Apr-1900,Offline Clinic - Light Cure B&E Pattern Putty,B&E,IMP-LCBEPP,0,253,253,0,,1
26-Apr-1900,Offline Clinic - Pot Crown 20cc,No Brand,IMP-POTC20,190,7097,7134,153,,30
27-Apr-1900,Offline Clinic - Blade No.11,GEA,IMP-BLAD11,103,500,475,128,,30
28-Apr-1900,Offline Clinic - Blade No.15C,No Brand,CDM-0469,14,20,24,10,,5
29-Apr-1900,Offline Clinic - Bur Rubber Poles Akrilik Type B Size M 533.100 U02 Abu-Abu,No Brand,IMP-RABM02,2,47,40,9,,3
30-Apr-1900,Offline Clinic - Bur Rubber Poles Akrilik Type B Size M 523.100 U04 Merah,No Brand,IMP-RABM04,4,20,21,3,,3
01-May-1900,Offline Clinic - Bur Rubber Poles Akrilik Type C Size S 523.060 U34 Merah,No Brand,IMP-RACS34,6,20,21,5,,3
02-May-1900,Offline Clinic - Bur Rubber Poles Akrilik Type C Size S 533.060 U32 Abu-Abu,No Brand,IMP-RACS32A,4,55,50,9,,3
03-May-1900,Offline Clinic - Bur Rubber Poles Akrilik Type D Size S 533.050 US2 Hitam,No Brand,IMP-RADS2,3,9,8,4,,3
04-May-1900,Offline Clinic - Bur Poles Komposite Arkansas White Cone,Arkansas,CDM-0506,5,43,44,4,,2
05-May-1900,Offline Clinic - Bur Poles Fresser D4,No Brand,IMP-BPFD4,3,4,5,2,,1
06-May-1900,Offline Clinic - Bur Poles Fresser A4,No Brand,IMP-BPFA4,2,0,0,2,,1
07-May-1900,Offline Clinic - Bur Poles Fresser F4,No Brand,IMP-BPFF4,1,18,14,5,,1
08-May-1900,Offline Clinic - Bur Poles Fresser G4,No Brand,IMP-BPFG4,2,2,1,3,,1
09-May-1900,Offline Clinic - Bur Poles Fresser G5,No Brand,IMP-BPFG5,2,0,0,2,,1
10-May-1900,Offline Clinic - Bur Poles Fresser F6,No Brand,IMP-BPFF6,2,29,26,5,,1
11-May-1900,Offline Clinic - Bur Poles Fresser L4,No Brand,IMP-BPFL4,3,24,24,3,,
12-May-1900,Offline Clinic - Bur Poles Fresser D6,No Brand,IMP-BPFD6,3,6,4,5,,
13-May-1900,Offline Clinic - Bur Poles Kain,No Brand,IMP-BRPK,4,18,14,8,,1
14-May-1900,Milling Bur D4X1.0 for Zirkonia,Yihua,IMP-MBZ406,0,8,2,6,,2
15-May-1900,Milling Bur D4X2.0 for Zirkonia,Yihua,IMP-MBZ410,0,3,2,1,,2
16-May-1900,Milling Bur D4X2.5 for Zirkonia,Yihua,IMP-MBZ415,0,3,0,3,,2
17-May-1900,Milling Bur D4X0.6 for Zirkonia,Yihua,IMP-MBZ420,0,10,3,7,,2
18-May-1900,Aidite Eceran silinder tough ,Aidite,VNR-161,3,24,26,1,,1
19-May-1900,Offline Clinic - Medium Bur 022 TR-14 Mani,Mani,IMP-MBMA014,8,52,53,7,,2
20-May-1900,Offline Clinic - Medium Bur 010 TC-11 Mani,Mani,IMP-MBMA011,6,15,13,8,,
21-May-1900,Offline Clinic - Medium Bur 010 TC-10 Mani,Mani,IMP-MBMA010,6,67,64,9,,2
22-May-1900,Offline Clinic - Medium Bur 016 TR-12 Mani,mani,IMP-MBMA012,6,9,13,2,,
23-May-1900,Offline Clinic - Medium Bur 012,Mani,CDM-0301,8,25,29,4,,2
24-May-1900,Offline Clinic - Fine Bur 017 F0-30F,mani,IMP-FBFO017,6,0,2,4,,
25-May-1900,Medium Bur 014 For Veneer,mani,VNR-219,3,3,4,2,,
26-May-1900,Offline Clinic - Bur Carbide Lowspeed Round HP-10,SS white,IMP-BCLR10,3,18,17,4,,1
27-May-1900,Offline Clinic - Bur Carbide Lowspeed Round HP-8,SS white,IMP-BCLR8,3,7,7,3,,1
28-May-1900,Offline Clinic - Bur Carbide Lowspeed Round HP-7,SS white,IMP-BCLR7,3,4,5,2,,1
29-May-1900,Offline Clinic - Bur Carbide Lowspeed Fissure HP-701,SS white,IMP-BCLF701,3,27,27,3,,1
06-Jun-1900,Offline Clinic - Bur Carbide Lowspeed Fissure HP-702,SS white,IMP-BCLF702,2,2,1,3,,
31-May-1900,Offline Clinic - Komposite Packable Gum-O Ceramage Opaque Plus 2ml,Shofu,IMP-KPGO2,2,5,5,2,,1
01-Jun-1900,Offline Clinic - Komposite Packable Pre-Opaque Ceramage Opaque Plus 2ml,Shofu,IMP-KPPO2,2,2,3,1,,1
02-Jun-1900,Offline Clinic - Komposite Flow Ceramage Opaque Plus WO 2ml,Shofu,IMP-KFWO2,2,8,9,1,,1
03-Jun-1900,Offline Clinic - Komposite Packable Gum-D Ceramage Up 5g,Shofu,IMP-KPGD5,2,0,2,0,,1
04-Jun-1900,Offline Clinic - IPS Object Fix Flow 10ml,Ivoclar,IMP-IOFF10,5,40,43,2,,2
05-Jun-1900,Offline Clinic - Bur Disc Cutting Diamond For Zircon 10mm 945B 104 100 Komet,komet,IMP-BDCM10,3,23,24,2,,1
06-Jun-1900,San-I dental separating disc,San-I,No data,74,500,529,45,,30
07-Jun-1900,Milling Bur D3X0.6 For Zirconia - Cradle A52,Cradle,No data,1,5,3,3,,
08-Jun-1900,Milling Bur D3X1.0 For Zirconia - Cradle A52,Cradle,No data,1,16,13,4,,
09-Jun-1900,Milling Bur D3X2.0 For Zirconia - Cradle A52,Cradle,No data,1,11,9,3,,
10-Jun-1900,Offline Clinic - Connector Bur,No Brand,IMP-CNTBR,5,32,26,11,,
11-Jun-1900,Offline Clinic - Mandril Amplas,No Brand,IMP-MAAP,5,15,14,6,,
12-Jun-1900,Disc PMMA D98x22 A1,No Brand,RMT-141,2,9,9,2,0.00,
13-Jun-1900,Disc PMMA D98x25 A1,No Brand,RMT-142,2,3,3,2,2.00,
14-Jun-1900,Disc PMMA D98x22 A2,No Brand,RMT-143,2,8,8,2,0.00,
15-Jun-1900,Disc PMMA D98x25 A2,No Brand,RMT-144,2,8,8,2,1.29,
16-Jun-1900,Disc PMMA D98x22 A3,No Brand,RMT-145,2,4,3,3,1.67,
17-Jun-1900,Disc PMMA D98x25 A3,No Brand,RMT-146,2,0,0,2,2.00,
18-Jun-1900,Disc PMMA D98x22 OM 1,No Brand,RMT-147,2,7,7,2,2.00,
19-Jun-1900,Disc PMMA D98x25 OM 1,No Brand,RMT-148,2,5,4,3,2.00,
20-Jun-1900,Disc PMMA D98x18 A1,No Brand,No data,1,17,15,3,,
21-Jun-1900,Disc PMMA D98x18 A2,No Brand,No data,1,12,11,2,,
22-Jun-1900,Disc PMMA D98x18 A3,No Brand,No data,1,4,3,2,,
23-Jun-1900,Deprag Disc Zircone 3D Pro ML D98x16 BL2,No Brand,No data,1,2,1,2,,
24-Jun-1900,Deprag Disc Zircone 3D Pro ML D98x16 BL3,No Brand,No data,1,4,4,1,,
25-Jun-1900,Deprag Disc Zircone 3D Pro ML D98x16 BL4,No Brand,No data,2,2,2,2,,
26-Jun-1900,Deprag Disc Zircone 3D Pro ML D98x16 BL1,Deprag,No data,2,0,2,0,,
27-Jun-1900,Deprag Disc Zircone 3D Pro ML D98x25 BL1,Deprag,No data,2,0,0,2,,
28-Jun-1900,Azdent Dental Diamond Bur SI-47 For Veneer,Azdent,VNR-213,5,7,11,1,,
29-Jun-1900,Azdent Dental Diamond Bur SI-48 For Veneer,Azdent,VNR-214,5,10,15,0,,
30-Jun-1900,Azdent Dental Diamond Bur SI-45 For Veneer,Azdent,VNR-215,5,7,8,4,,
01-Jul-1900,Silicone Polisher Porcelain And Metal Renfert,mani,IMP-SPPM100,100,0,3,97,,
02-Jul-1900,Connector Mandril,mani,IMP-CNRML,7,5,6,6,,
03-Jul-1900,Offline Clinic - Hex Driver 1.2 OSS,No Brand,IMP-HEDR12,3,6,8,1,,
04-Jul-1900,Offline Clinic - Bur Separating Disk Double Side H 345 220 Horico,Horico,IMP-BSDD220,9,0,5,4,,
05-Jul-1900,Offline Clinic - Milling Bur D1.0X0.4 For PMMA,No Brand,IMP-MBPM1004,3,3,3,3,,
06-Jul-1900,Offline Clinic - Milling Bur D2.0X0.4 For PMMA,No Brand,IMP-MBPM2004,3,2,2,3,,
07-Jul-1900,Offline Clinic - Resin Glaze Liquid 6ml - Shofu,Shofu,IMP-RGLS6,2,8,8,2,,
08-Jul-1900,Offline Clinic - Lab Analog (M) Welldent For OST,Welldent,IMP-LAOM,10,10,7,13,,
09-Jul-1900,Offline Clinic - Fine Bur HP 863 104 012 Flame Long Komet,No Brand,No data,6,15,19,2,,
10-Jul-1900,Offline Clinic - Denture Base Polymers Huge Powder HC - Shade V 1 Kg,No Brand,IMP-HCSV1,0,5,5,0,,
11-Jul-1900,Offline Clinic - Heat Cured Resin for Dentur Base Liquid 1L,No Brand,IMP-HCRL1,0,4,4,0,,
12-Jul-1900,Offline Clinic - Plastik Wrapping 10cmx200cm,No Brand,IMP-PLWP1020,0,2,2,0,,
13-Jul-1900,Offline Clinic - Renfert Lay:Art Style Ceramic Brush - Natural Bristle Size 6 Slim,Renfert,IMP-RLCB6,2,0,0,2,,
14-Jul-1900,Offline Clinic - Renfert Takanishi Ceramic Brush - Synthetic Bristle 1714/2,Renfert,IMP-RTCB17142,2,2,3,1,,
15-Jul-1900,Offline Clinic - Renfert Takanishi Ceramic Brush - Synthetic Bristle 1714/0200,Renfert,IMP-RTCB17140200,2,0,0,2,,
16-Jul-1900,ELEMEN GIGI LOWER L7 W.O5 ANTERIOR,Naperce,RMT-106,22,0,0,22,22.00,
17-Jul-1900,ELEMEN GIGI LOWER L8 B1 ANTERIOR,Naperce,RMT-103,0,16,1,15,8.00,
18-Jul-1900,ELEMEN GIGI LOWER L7 A1 ANTERIOR,Naperce,RMT-134,10,0,1,9,13.00,
19-Jul-1900,ELEMEN GIGI LOWER L10 A1 ANTERIOR,Naperce,No Code,16,0,0,16,,
20-Jul-1900,ELEMEN GIGI LOWER L7 A2 ANTERIOR,Naperce,RMT-070,11,0,2,9,18.00,
21-Jul-1900,ELEMEN GIGI LOWER L8 A2 ANTERIOR,Naperce,RMT-072,5,0,4,1,,
22-Jul-1900,ELEMEN GIGI LOWER L10 A2 ANTERIOR,Naperce,No Code,15,0,0,15,,
23-Jul-1900,ELEMEN GIGI LOWER L7 A3 ANTERIOR,Naperce,RMT-071,10,0,5,5,15.00,
24-Jul-1900,ELEMEN GIGI LOWER L8 A3 ANTERIOR,Naperce,RMT-073,17,0,5,12,11.00,
25-Jul-1900,ELEMEN GIGI LOWER L7 A3.5 ANTERIOR,Naperce,RMT-109,17,0,2,15,5.00,
26-Jul-1900,ELEMEN GIGI LOWER L8 A3.5 ANTERIOR,Naperce,RMT-074,2,14,5,11,9.00,
27-Jul-1900,ELEMEN GIGI LOWER L8 A4 ANTERIOR,Naperce,RMT-075,22,0,2,20,28.00,
28-Jul-1900,ELEMEN GIGI LOWER L8 C3 ANTERIOR,Naperce,RMT-076,27,0,3,24,33.00,
29-Jul-1900,ELEMEN GIGI LOWER L8 C4 ANTERIOR,Naperce,No Code,15,0,0,15,,
30-Jul-1900,ELEMEN GIGI LOWER L8 A1 ANTERIOR,Naperce,No Code,16,0,1,15,,
31-Jul-1900,ELEMEN GIGI LOWER L10 A3 ANTERIOR,Naperce,RMT-077,22,0,2,20,8.00,
01-Aug-1900,ELEMEN GIGI UPPER T6 C4 ANTERIOR,Naperce,No Code,8,0,0,8,,
02-Aug-1900,ELEMEN GIGI UPPER TL6 C3 ANTERIOR,Naperce,No Code,10,0,0,10,,
03-Aug-1900,ELEMEN GIGI UPPER T5 W.O5 ANTERIOR,Naperce,RMT-105,12,0,0,12,13.00,
04-Aug-1900,ELEMEN GIGI UPPER S8 W.O5 ANTERIOR,Naperce,RMT-151,11,0,0,11,,
05-Aug-1900,ELEMEN GIGI UPPER T6 B1 ANTERIOR,Naperce,RMT-101,20,0,1,19,13.00,
06-Aug-1900,ELEMEN GIGI UPPER T6 A1 ANTERIOR,Naperce,RMT-132,26,16,2,40,5.00,
07-Aug-1900,ELEMEN GIGI UPPER S8 A1 ANTERIOR,Naperce,No Code,14,0,2,12,,
08-Aug-1900,ELEMEN GIGI UPPER T4 A2 ANTERIOR,Naperce,RMT-078,11,0,3,8,3.00,
09-Aug-1900,ELEMEN GIGI UPPER T5 A2 ANTERIOR,Naperce,RMT-045,9,16,5,20,3.00,
10-Aug-1900,ELEMEN GIGI UPPER T6 A2 ANTERIOR,Naperce,RMT-048,8,14,2,20,1.00,
11-Aug-1900,ELEMEN GIGI UPPER S8 A2 ANTERIOR,Naperce,No Code,13,0,2,11,,
12-Aug-1900,ELEMEN GIGI UPPER S8 B1 ANTERIOR,Naperce,No Code,16,0,2,14,,
13-Aug-1900,ELEMEN GIGI UPPER S8 C3 ANTERIOR,Naperce,No Code,16,0,0,16,,
14-Aug-1900,ELEMEN GIGI UPPER T4 A3 ANTERIOR,Naperce,RMT-079,21,0,4,17,14.00,
15-Aug-1900,ELEMEN GIGI UPPER T4 A3.5 ANTERIOR,Naperce,RMT-111,13,0,4,9,7.00,
16-Aug-1900,ELEMEN GIGI UPPER T5 A3 ANTERIOR,Naperce,RMT-046,12,0,14,-2,4.00,
17-Aug-1900,ELEMEN GIGI UPPER T5 A3.5 ANTERIOR,Naperce,RMT-047,14,16,22,8,8.00,
18-Aug-1900,ELEMEN GIGI UPPER T6 A3 ANTERIOR,Naperce,RMT-049,11,15,3,23,13.00,
19-Aug-1900,ELEMEN GIGI UPPER S8 A3 ANTERIOR,Naperce,RMT-081,4,0,4,0,,
20-Aug-1900,ELEMEN GIGI UPPER S8 A3.5 ANTERIOR,Naperce,No Code,15,0,2,13,,
21-Aug-1900,ELEMEN GIGI UPPER S8 A4 ANTERIOR,Naperce,No Code,16,0,0,16,,
22-Aug-1900,ELEMEN GIGI UPPER T6 A3.5 ANTERIOR,Naperce,RMT-050,16,0,4,12,3.00,
23-Aug-1900,ELEMEN GIGI UPPER T6 A4 ANTERIOR,Naperce,RMT-125,19,0,2,17,3.00,
24-Aug-1900,ELEMEN GIGI UPPER T4 C3 ANTERIOR,Naperce,RMT-080,8,0,0,8,14.00,
25-Aug-1900,ELEMEN GIGI LOWER M34L A2 POSTERIOR,Naperce,RMT-057,8,8,3,13,15.00,
26-Aug-1900,ELEMEN GIGI LOWER M34L A3 POSTERIOR,Naperce,RMT-058,13,0,6,7,7.00,
27-Aug-1900,ELEMEN GIGI LOWER M34L A3.5 POSTERIOR,Naperce,RMT-059,6,8,5,9,2.00,
28-Aug-1900,ELEMEN GIGI LOWER M34L A4 POSTERIOR,Naperce,RMT-127,7,0,1,6,11.00,
29-Aug-1900,ELEMEN GIGI LOWER M34L A1 POSTERIOR,Naperce,RMT-135,2,11,2,11,0.00,
30-Aug-1900,ELEMEN GIGI LOWER M34L B1 POSTERIOR,Naperce,RMT-104,8,0,1,7,8.00,
31-Aug-1900,ELEMEN GIGI LOWER M36L A1 POSTERIOR,Naperce,No Code,12,0,1,11,,
01-Sep-1900,ELEMEN GIGI LOWER M36L A2 POSTERIOR,Naperce,No Code,12,0,1,11,,
02-Sep-1900,ELEMEN GIGI LOWER M33L A2 POSTERIOR,Naperce,RMT-063,7,0,2,5,0.00,
03-Sep-1900,ELEMEN GIGI LOWER M33L A3 POSTERIOR,Naperce,RMT-064,8,0,7,1,0.00,
04-Sep-1900,ELEMEN GIGI LOWER M33L A3.5 POSTERIOR,Naperce,RMT-065,0,0,0,0,3.00,
05-Sep-1900,ELEMEN GIGI LOWER M33L A4 POSTERIOR,Naperce,No Code,0,0,0,0,,
06-Sep-1900,ELEMEN GIGI LOWER M33L C3 POSTERIOR,Naperce,No Code,0,0,1,-1,,
07-Sep-1900,ELEMEN GIGI LOWER M30L A3.5 POSTERIOR,Naperce,RMT-086,33,0,1,32,24.00,
08-Sep-1900,ELEMEN GIGI LOWER M30L A2 POSTERIOR,Naperce,RMT-084,10,0,1,9,11.00,
09-Sep-1900,ELEMEN GIGI LOWER M30L A3 POSTERIOR,Naperce,RMT-085,7,0,2,5,10.00,
10-Sep-1900,ELEMEN GIGI LOWER M34L W.O5 POSTERIOR,Naperce,RMT-108,0,0,0,0,,
11-Sep-1900,ELEMEN GIGI LOWER M34L C4 POSTERIOR,Naperce,No Code,11,0,1,10,,
12-Sep-1900,ELEMEN GIGI LOWER M34L C3 POSTERIOR,Naperce,No Code,11,0,1,10,,
13-Sep-1900,ELEMEN GIGI UPPER M34U C4 POSTERIOR,Naperce,No Code,10,12,0,22,,
14-Sep-1900,ELEMEN GIGI UPPER M34U C3 POSTERIOR,Naperce,No Code,9,12,0,21,,
15-Sep-1900,ELEMEN GIGI UPPER M34U B1 POSTERIOR,Naperce,RMT-102,2,11,2,11,7.00,
16-Sep-1900,ELEMEN GIGI UPPER M34U A1 POSTERIOR,Naperce,RMT-133,11,0,2,9,6.00,
17-Sep-1900,ELEMEN GIGI UPPER M36U A1 POSTERIOR,Naperce,No Code,12,0,1,11,,
18-Sep-1900,ELEMEN GIGI UPPER M34U W.O5 POSTERIOR,Naperce,RMT-107,0,0,0,0,,
19-Sep-1900,ELEMEN GIGI UPPER M34U A2 POSTERIOR,Naperce,RMT-054,11,12,4,19,10.00,
20-Sep-1900,ELEMEN GIGI UPPER M33U A2 POSTERIOR,Naperce,RMT-060,0,11,0,11,7.00,
21-Sep-1900,ELEMEN GIGI UPPER M30U A2 POSTERIOR,Naperce,RMT-110,9,0,1,8,9.00,
22-Sep-1900,ELEMEN GIGI UPPER M36U A2 POSTERIOR,Naperce,No Code,10,0,0,10,,
23-Sep-1900,ELEMEN GIGI UPPER M30U A3 POSTERIOR,Naperce,RMT-082,9,10,0,19,4.00,
24-Sep-1900,ELEMEN GIGI UPPER M33U A3 POSTERIOR,Naperce,RMT-061,2,12,0,14,6.00,
25-Sep-1900,ELEMEN GIGI UPPER M34U A3 POSTERIOR,Naperce,RMT-055,9,12,20,1,1.00,
26-Sep-1900,ELEMEN GIGI UPPER M30U A3.5 POSTERIOR,Naperce,RMT-083,24,0,2,22,25.00,
27-Sep-1900,ELEMEN GIGI UPPER M34U A3.5 POSTERIOR,Naperce,RMT-056,1,23,6,18,3.00,
28-Sep-1900,ELEMEN GIGI UPPER M34U A4 POSTERIOR,Naperce,RMT-126,9,0,2,7,2.00,
29-Sep-1900,ELEMEN GIGI UPPER M33U A3.5 POSTERIOR,Naperce,RMT-062,12,0,3,9,0.00,
30-Sep-1900,Offline Clinic - Vita Lumex AC A2 452 Dentine,Vita,IMP-VLA2D,1,0,1,0,,
01-Oct-1900,Offline Clinic - Vita Lumex AC A3 453 Dentine,Vita,IMP-VLA3D,1,0,1,0,,
02-Oct-1900,Offline Clinic - Vita Lumex AC Clear 181 Enamel,Vita,IMP-VLCE181,1,0,0,1,,
03-Oct-1900,Offline Clinic - Vita Lumex AC Dark Red 238 Gingiva,Vita,IMP-VLDR238,1,0,0,1,,
04-Oct-1900,Offline Clinic - Vita Lumex AC Medium 192 Enamel,Vita,IMP-VLME192,1,0,0,1,,
05-Oct-1900,Offline Clinic - Vita Lumex AC Nectarine 233 Gingiva,Vita,IMP-VLNG233,1,0,1,0,,
06-Oct-1900,Offline Clinic - Gas Blow Torch Portable,No Brand,IMP-GBTP11,3,0,0,3,,
07-Oct-1900,Offline Clinic - Ceramage Modelling Liquid 6ml SHOFU,Shofu,IMP-CMLS6,1,0,0,1,,
08-Oct-1900,Offline Clinic - Vintage Art Universal Stains W White Shofu,Shofu,IMP-VAUW1,1,0,1,0,,
09-Oct-1900,Offline Clinic - Vintage Art Universal Stains O-Br Orange Brown Shofu,Shofu,IMP-VAUOBR1,1,0,0,1,,
10-Oct-1900,Offline Clinic - Vintage Art Universal Stains B Black Shofu,Shofu,IMP-VAUB1,1,0,0,1,,
26-Oct-1900,Offline Clinic - Vintage Art Universal Stains K Khaki Shofu,Shofu,IMP-VAUK1,1,0,0,1,,
12-Oct-1900,Offline Clinic - IPS Ivocolor Essence E03 Lemon For Veneer,ivoclar,VNR-032,1,0,0,1,,
13-Oct-1900,Offline Clinic - IPS Ivocolor Essence E16 Sapphire For Veneer,ivoclar,VNR-045,1,0,1,0,,
14-Oct-1900,Offline Clinic - IPS Ivocolor Essence E19 Rose,ivoclar,VNR-048,1,0,0,1,,
15-Oct-1900,Offline Clinic - IPS Ivocolor Glaze Powder Fluo,ivoclar,VNR-054,2,0,1,1,,
16-Oct-1900,Offline Clinic - Vita Lumex AC A1 451 Dentine,Vita,IMP-VLAD1451,1,0,1,0,,
17-Oct-1900,Offline Clinic - Vita Lumex AC Light 191 Enamel,Vita,IMP-VLLE191,1,0,1,0,,
18-Oct-1900,Offline Clinic - Vita Lumex AC Light Rose 232 Gingiva,Vita,IMP-VLLG232,1,0,1,0,,
19-Oct-1900,Predator Diamond bur Z856-018M,Predator,No Code,2,0,2,0,,
20-Oct-1900,Predator Diamond bur Z856-018F,Predator,No Code,3,0,2,1,,
21-Oct-1900,Predator Diamond bur Z801-018M,Predator,No Code,3,0,0,3,,
22-Oct-1900,Predator Diamond bur Z801-018F,Predator,No Code,3,0,0,3,,
23-Oct-1900,Predator Diamond bur Z807-018M,Predator,No Code,1,0,1,0,,
24-Oct-1900,Predator Diamond bur Z807-018F,Predator,No Code,3,0,2,1,,
25-Oct-1900,Predator Diamond bur Z368-023M,Predator,No Code,4,0,0,4,,
26-Oct-1900,Predator Diamond bur Z368-023F,Predator,No Code,4,0,0,4,,
27-Oct-1900,Offline Clinic - Gingiva Resin 20ml Bright Red,No Brand,IMP-GRBR20,1,0,0,1,,
28-Oct-1900,Offline Clinic - Vintage Art Universal GP-F Glazing Powder Flou Shofu (50 gr),Shofu,IMP-VAUGPF1,1,0,0,1,,
29-Oct-1900,Offline Clinic - Chill Mould Sealent,,IMP-CMSL,0,1,0,1,,
30-Oct-1900,Offline Clinic - Self Cure Acrylic - Liquid,,IMP-SCAL,0,5,5,0,,
31-Oct-1900,Offline Clinic - Base plate wax,,CDM-0261,0,2,2,0,,
01-Nov-1900,Offline Clinic - Vintage Art Universal Stains DR Dark Red Brown Shofu,,IMP-VAUDRB1,0,1,0,1,,
02-Nov-1900,Offline Clinic - Vintage Art Universal Yamamoto Liquid 50ml SHOFU,,IMP-VAYL50,0,1,0,1,,
03-Nov-1900,Plastik for Retainer Splint RATA 1.0MM (TANAM),,PK22-IMP,0,40,40,0,4.00,
04-Nov-1900,Offline Clinic - Vintage Art Universal Stains Y Yellow Shofu,,IMP-VAUY1,0,1,1,0,,
,Offline Clinic - Self Cure Acrylic - Powder,,IMP-SCAP,0,3,3,0,,